Idea,Monthly Revenue,Monthly Traffic,Revenue per Visitor,Starting Costs,Solopreneur Score,ICP,Growth Tactics
one page checkout software,$24K,30K,0.8,0,73,"Independent Businesses, Freelancers, Non-technical entrepreneurs, Digital Nomads, Small Business Owners, Entrepreneurs","Word of mouth, SEO (blog posts, organic traffic from search engines), Organic social media"
all-in-one product adoption platform,$200K,300K,0.67,$200K,38,"SaaS Business Owners, E-commerce Websites, Mid-Market and Enterprise Customers, Marketplaces, Large Corporates with Web Applications, Product Managers, UX Designers, Marketers, SaaS Businesses, Enterprises, Ecommerce Websites, Marketplace Owners","Pay Per Click Advertising, Brand Authenticity, SEO (blog posts, organic traffic from search engines)"
AI powered SMS Marketing for DTC Ecommerce brands on Shopify,$85K,25K,3.4,$30K,58,"Ecommerce Sellers, DTC Brands, SMBs, Shopify Store Owners, E-commerce Brands, Dropshippers, Small and Medium-Sized Businesses","Affiliate program, Word of mouth, Advertising on social media, Pay Per Click Advertising, Email marketing, Referral Program, SEO (blog posts, organic traffic from search engines)"
Property data web subscription,$128K,—,—,$68K,81,"Property Investors, Property Developers, UK's Typical 'One Man Band' Property Investor, Real Estate Developers, Small Business Owners","Affiliate program, Advertising on social media, Pay Per Click Advertising, Email marketing, Referral Program"
prospect lists and CRM,500,—,—,$20K,69,"Marketing Teams, Early Adopters in Outbound Marketing Solutions, Startup Founders, Entrepreneurs, Small Business Owners","Direct sales, Email marketing, SEO (blog posts, organic traffic from search engines)"
A web app for collecting and managing product feedback.,$55K,247K,0.22,—,80,"SaaS Businesses, SaaS Companies, Startup Founders, Product Managers","Affiliate program, Advertising on social media, Referral Program, SEO (blog posts, organic traffic from search engines)"
social media management tool,$12K,—,—,$2K,52,"Marketing Agencies, Small businesses, Social Media Managers, Small Business Owners, Entrepreneurs","Word of mouth, Direct sales, SEO (blog posts, organic traffic from search engines), Organic social media"
Automate Data Extraction,$40K,—,—,$1K,87,"Food Delivery Companies, Real Estate Agencies, SaaS Companies, Marketing Agencies, Travel and Hospitality, Recruitment Agencies, SMBs, Ecommerce Sellers, Recruitment and Staffing Agencies, Travel Companies, Delivery Companies, Entrepreneurs","Affiliate program, Word of mouth, SEO (blog posts, organic traffic from search engines)"
Google Sheet Tutorials,$8.33K,—,—,109,90,"Scrappy small businesses, Small Business Owners, Entrepreneurs, Side Hustlers","Advertising on social media, Email marketing, SEO (blog posts, organic traffic from search engines), Publicity stunts"
Medical Artificial Intelligence Software,$200K,—,—,$15M,63,"Healthcare Businesses, Medical Professionals, Tech-enabled businesses, Healthcare Providers, Medical Practices, Clinics","Direct sales, Email marketing"
They offer API-based products which allow businesses to generate PDF documents and images from reusable templates.,$15K,—,—,800,90,"Citizen Developers, Businesses Needing PDF Generation, Companies Using No-Code Tools, SMBs, Entrepreneurs, Agency Owners, Small Business Owners, Freelancers","Word of mouth, Advertising on social media, Referral Program, SEO (blog posts, organic traffic from search engines), Organic social media"
Automated Sales Followup System,$30K,—,—,—,77,"Coaches, Real Estate Agents, E-commerce Brands, Digital Agencies, Insurance Agents, Web Designers, Teachers, Schools, Candidates for Public Office, Consultants, Photographers, Video Production Companies, Home Services, Assisted Living Services, Food Franchisors, Entrepreneurs, Small Business Owners, Agencies, Ecommerce Sellers","Affiliate program, Advertising on social media, Email marketing"
Internal Parcel Tracking Software,$6K,—,—,$1K,70,"Property Managers, Large Buildings' Mailrooms, Receptionists in Large Buildings, Building Managers, Enterprise Clients","Word of mouth, Direct sales, Email marketing, SEO (blog posts, organic traffic from search engines)"
AI-powered software for fast and accurate video translation and dubbing into 75 languages,$83K,—,—,—,54,"Educational Institutions, Enterprises, Large International Companies, Universities and Educational Institutions, Influencers, Corporations","Word of mouth, Pay Per Click Advertising"
Fullstack Permissions as a Service,—,—,—,0,69,"Developers at Large Enterprises, Developers at Technology Startups, CISOs and Security Managers, Indie Software Developers, Developers, Startup Founders, Tech Companies, Engineering Teams","Word of mouth, Advertising on social media, Brand Authenticity, SEO (blog posts, organic traffic from search engines), Organic social media"
productivity software,$1.5K,—,—,100,92,"Mac Users Concerned About Privacy, iOS and macOS Software Engineers, Indie Developers and Product Makers, Early tech adopters, Mac Users, Remote Workers, Indie Developers","Word of mouth, SEO (blog posts, organic traffic from search engines), Organic social media"
Digital Sales Room Software,$1.67M,—,—,$200K,51,"B2B Software (SaaS) Organizations, B2B SaaS Companies, Sales Teams, Revenue Leaders","Word of mouth, Direct sales, Email marketing"
domain name tooling,500,—,—,100,95,"Developers, SEO Professionals, Tech Enthusiasts","Brand Authenticity, SEO (blog posts, organic traffic from search engines)"
inventory management,500,—,—,30,87,"Artisans, Textile Artists, Jewelry Designers, Candle Makers, Small to Medium Enterprises with 50 Employees, Artisan Product Makers, Small Business Owners","Affiliate program, Word of mouth, Facebook Community"
,$8.33K,1K,8.33,50,90,"Sales Managers, Business Owners, Pest Control Companies","Referral Program, Direct sales, Great customer service"
